Symbol,Acquisition_Score
AAL,0.0
AACG,0.0
AAON,0.0
AAME,0.0
AAOI,0.0
AAPG,0.0
AAPL,0.0
AARD,0.0
ABAT,0.0
ABCL,0.0
ABEO,0.0
ABL,0.0
ABNB,0.0
ABLV,0.0
ABOS,0.0
ABP,0.0
ABTS,0.0
ABSI,0.0
ABUS,0.0
ABVC,0.0
ABVE,0.0
ACAD,0.0
ACB,0.0
ACCD,0.0
ACET,0.0
ACDC,0.0
ACHV,0.0
ACHC,0.0
ACIC,0.0
ACNB,0.0
ACLS,0.0
ACNT,0.0
ACON,0.0
ACT,0.0
ACRV,0.0
ACRS,0.0
ACXP,0.0
ACTG,0.0
ADAG,0.0
ADBE,0.0
ADAP,0.0
ADD,0.0
ADEA,0.0
ADGM,0.0
ADIL,0.0
ADI,0.0
ADMA,0.0
ADN,0.0
ADSE,0.0
ADP,0.0
ADPT,0.0
ADTN,0.0
ADSK,0.0
ADUS,0.0
ADV,0.0
ADVB,0.0
ADXN,0.0
ADVM,0.0
AEHL,0.0
AEIS,0.0
AEI,0.0
AENT,0.0
AEP,0.0
AEMD,0.0
AERT,0.0
AEYE,0.0
AEVA,0.0
AFBI,0.0
AFMD,0.0
AFJK,0.0
AFRI,0.0
AFRM,0.0
AFYA,0.0
AGAE,0.0
AGEN,0.0
AGH,0.0
AGFY,0.0
AGIO,0.0
AGMH,0.0
AGNC,0.0
AGRI,0.0
AGYS,0.0
AHCO,0.0
AHG,0.0
AIEV,0.0
AIFF,0.0
AIHS,0.0
AIOT,0.0
AIMD,0.0
AIP,0.0
AIRG,0.0
AIRJ,0.0
AIRT,0.0
AISP,0.0
AIXI,0.0
AKAN,0.0
AKAM,0.0
AKBA,0.0
AKYA,0.0
AKRO,0.0
ALAB,0.0
ALBT,0.0
ALCO,0.0
ALDF,0.0
ALEC,0.0
ALGM,0.0
ALGN,0.0
ALGS,0.0
ALGT,0.0
ALKS,0.0
ALHC,0.0
ALKT,0.0
ALLK,0.0
ALLO,0.0
ALLT,0.0
ALMS,0.0
ALNT,0.0
ALNY,0.0
ALOT,0.0
ALRS,0.0
ALRM,0.0
ALT,0.0
ALTO,0.0
ALTI,0.0
ALVO,0.0
ALTS,0.0
ALXO,0.0
AMAL,0.0
ALZN,0.0
AMBA,0.0
AMAT,0.0
AMD,0.0
AMED,0.0
AMPG,0.0
AMPH,0.0
AMGN,0.0
AMPL,0.0
AMRN,0.0
AMRK,0.0
AMSC,0.0
AMSF,0.0
AMWD,0.0
AMST,0.0
ANAB,0.0
AMZN,0.0
ANDE,0.0
ANEB,0.0
ANGH,0.0
ANGI,0.0
ANGO,0.0
ANIK,0.0
ANIP,0.0
ANL,0.0
ANNA,0.0
ANSS,0.0
ANTE,0.0
ANY,0.0
APA,0.0
AOUT,0.0
APDN,0.0
APEI,0.0
API,0.0
APGE,0.0
APLM,0.0
APLD,0.0
APLS,0.0
APM,0.0
APLT,0.0
APOG,0.0
APP,0.0
APPF,0.0
APPS,0.0
APPN,0.0
APRE,0.0
APTO,0.0
APVO,0.0
AQB,0.0
AQMS,0.0
APWC,0.0
ARAY,0.0
AQST,0.0
ARBE,0.0
ARBB,0.0
ARBK,0.0
ARCB,0.0
ARCT,0.0
AREB,0.0
AREC,0.0
ARHS,0.0
ARKO,0.0
ARM,0.0
ARQ,0.0
ARRY,0.0
ARQT,0.0
ARQQ,0.0
ARTL,0.0
ARTV,0.0
ARVN,0.0
ASBP,0.0
ASLE,0.0
ASMB,0.0
ASML,0.0
ASNS,0.0
ASO,0.0
ASND,0.0
ASPI,0.0
ASPS,0.0
ASRT,0.0
ASRV,0.0
ASTC,0.0
ASST,0.0
ASTH,0.0
ASTE,0.0
ASTI,0.0
ASTL,0.0
ASYS,0.0
ATAT,0.0
ATAI,0.0
ATHE,0.0
ATHA,0.0
ATLC,0.0
ATLN,0.0
ATLO,0.0
ATNI,0.0
ATNF,0.0
ATOM,0.0
ATOS,0.0
ATPC,0.0
ATRA,0.0
ATRC,0.0
ATRO,0.0
ATSG,0.0
ATXS,0.0
AUDC,0.0
AUBN,0.0
ATXG,0.0
AUID,0.0
AUPH,0.0
AURA,0.0
AUTL,0.0
AUUD,0.0
AVAH,0.0
AVAV,0.0
AVBP,0.0
AVDL,0.0
AVGO,0.0
AVO,0.0
AVPT,0.0
AVT,0.0
AVTE,0.0
AVXL,0.0
AWH,0.0
AXGN,0.0
AWRE,0.0
AXON,0.0
AXSM,0.0
AXTI,0.0
AYRO,0.0
AZ,0.0
AZI,0.0
AZTA,0.0
AZN,0.0
BAFN,0.0
BAND,0.0
BANF,0.0
BANL,0.0
BAOS,0.0
BASE,0.0
BBCP,0.0
BBGI,0.0
BBIO,0.0
BBSI,0.0
BBLG,0.0
BCAB,0.0
BCAL,0.0
BCBP,0.0
BCDA,0.0
BCLI,0.0
BCML,0.0
BCPC,0.0
BDMD,0.0
BEAM,0.0
BCYC,0.0
BEAT,0.0
BECN,0.0
BEEM,0.0
BENF,0.0
BFC,0.0
BFIN,0.0
BFRG,0.0
BFRI,0.0
BFST,0.0
BGC,0.0
BGFV,0.0
BGM,0.0
BGLC,0.0
BHAT,0.0
BHF,0.0
BHRB,0.0
BIAF,0.0
BHST,0.0
BIGC,0.0
BILI,0.0
BIIB,0.0
BIOA,0.0
BITF,0.0
BIYA,0.0
BIRD,0.0
BIVI,0.0
BJRI,0.0
BL,0.0
BKNG,0.0
BKYI,0.0
BLBD,0.0
BLDE,0.0
BLDP,0.0
BLFS,0.0
BLFY,0.0
BLIN,0.0
BLKB,0.0
BLMN,0.0
BLMZ,0.0
BLNE,0.0
BLNK,0.0
BLTE,0.0
BMBL,0.0
BLZE,0.0
BMEA,0.0
BMGL,0.0
BMRA,0.0
BLUE,0.0
BMRC,0.0
BMRN,0.0
BNAI,0.0
BNRG,0.0
BNGO,0.0
BNTC,0.0
BNZI,0.0
BOKF,0.0
BOLD,0.0
BOF,0.0
BOLT,0.0
BON,0.0
BOOM,0.0
BOTJ,0.0
BOSC,0.0
BPMC,0.0
BOXL,0.0
BPOP,0.0
BRAG,0.0
BREA,0.0
BPRN,0.0
BRFH,0.0
BRKL,0.0
BRID,0.0
BRNS,0.0
BRLS,0.0
BRLT,0.0
BROG,0.0
BRY,0.0
BRZE,0.0
BSBK,0.0
BSET,0.0
BSGM,0.0
BSII,0.0
BSVN,0.0
BSY,0.0
BSLK,0.0
BTAI,0.0
BTBD,0.0
BTCS,0.0
BTCT,0.0
BTM,0.0
BTMD,0.0
BTBT,0.0
BTOC,0.0
BTOG,0.0
BTSG,0.0
BUJA,0.0
BUSE,0.0
BVFL,0.0
BVS,0.0
BWAY,0.0
BWEN,0.0
BWB,0.0
BWIN,0.0
BWFG,0.0
BWMN,0.0
BYFC,0.0
BYND,0.0
BYRN,0.0
BYSI,0.0
BZ,0.0
BZAI,0.0
BZUN,0.0
BZFD,0.0
CAAS,0.0
CABA,0.0
CAC,0.0
CAKE,0.0
CACC,0.0
CADL,0.0
CALM,0.0
CALC,0.0
CAMP,0.0
CAMT,0.0
CAN,0.0
CAPS,0.0
CAPT,0.0
CARA,0.0
CARG,0.0
CARE,0.0
CART,0.0
CARM,0.0
CARV,0.0
CASI,0.0
CASH,0.0
CASK,0.0
CASY,0.0
CASS,0.0
CBAT,0.0
CATY,0.0
CLRC,0.0
CLRO,0.0
CLRB,0.0
CLOV,0.0
CLPT,0.0
CLSD,0.0
CLWT,0.0
CLSK,0.0
CLYM,0.0
CLST,0.0
CMBM,0.0
CMCO,0.0
CME,0.0
CMLS,0.0
CMMB,0.0
CMND,0.0
CMPO,0.0
CMPS,0.0
CNCK,0.0
CNDT,0.0
CMTL,0.0
CNEY,0.0
CNET,0.0
CNOB,0.0
CNSP,0.0
CNTM,0.0
CNTA,0.0
CNTB,0.0
CNTY,0.0
CNVS,0.0
CNXC,0.0
CNXN,0.0
COCH,0.0
COCO,0.0
COCP,0.0
COFS,0.0
CODA,0.0
COEP,0.0
COGT,0.0
COIN,0.0
COKE,0.0
COLB,0.0
COLL,0.0
COLM,0.0
COMM,0.0
COO,0.0
COOT,0.0
COOP,0.0
CORT,0.0
CORZ,0.0
COST,0.0
COYA,0.0
COSM,0.0
CPB,0.0
CPBI,0.0
CPHC,0.0
CPRT,0.0
CPOP,0.0
CPSH,0.0
CPSS,0.0
CRCT,0.0
CRAI,0.0
CRBP,0.0
CRDL,0.0
CRDO,0.0
CREV,0.0
CRDF,0.0
CREG,0.0
CRIS,0.0
CRGO,0.0
CRML,0.0
CRMD,0.0
CRMT,0.0
CRNC,0.0
CRON,0.0
CRSP,0.0
CRTO,0.0
CRUS,0.0
CRNT,0.0
CRVL,0.0
CRVS,0.0
CRVO,0.0
CRWD,0.0
CRWV,0.0
CRWS,0.0
CSCI,0.0
CSAI,0.0
CSCO,0.0
CSGP,0.0
CSGS,0.0
CSIQ,0.0
CSPI,0.0
CSTE,0.0
CSTL,0.0
CSWI,0.0
CTAS,0.0
CTKB,0.0
CTLP,0.0
CTNM,0.0
CTRM,0.0
CTNT,0.0
CTSH,0.0
CTRN,0.0
CTSO,0.0
CUE,0.0
CUB,0.0
CVAC,0.0
CURI,0.0
CVBF,0.0
CVCO,0.0
CVKD,0.0
CVGI,0.0
CVLT,0.0
CVV,0.0
CWBC,0.0
CWST,0.0
CWD,0.0
CXAI,0.0
CWCO,0.0
CXDO,0.0
CYCN,0.0
CYCC,0.0
CYN,0.0
CYTK,0.0
CZFS,0.0
CZWI,0.0
CZNC,0.0
DADA,0.0
DAIO,0.0
DAKT,0.0
DALN,0.0
DARE,0.0
DASH,0.0
DATS,0.0
DAVE,0.0
DAWN,0.0
DBVT,0.0
DCGO,0.0
DCBO,0.0
DCOM,0.0
DCTH,0.0
DDI,0.0
DDOG,0.0
DENN,0.0
DERM,0.0
DEVS,0.0
DGLY,0.0
DFLI,0.0
DGII,0.0
DHAI,0.0
DH,0.0
DHIL,0.0
DIOD,0.0
DIBS,0.0
DJCO,0.0
DJT,0.0
DLHC,0.0
DKNG,0.0
DLO,0.0
DLTH,0.0
DMAC,0.0
DMN,0.0
DMLP,0.0
DMRC,0.0
DNLI,0.0
DNTH,0.0
DNUT,0.0
DOMH,0.0
DOGZ,0.0
DOMO,0.0
DOOO,0.0
DPRO,0.0
DPZ,0.0
DORM,0.0
DRIO,0.0
DRCT,0.0
DRMA,0.0
DRS,0.0
DRUG,0.0
DSGN,0.0
DRVN,0.0
DSWL,0.0
DSP,0.0
DSY,0.0
DTCK,0.0
DTIL,0.0
DTI,0.0
DTST,0.0
DTSS,0.0
DUOT,0.0
DUOL,0.0
DUO,0.0
DWSN,0.0
DVLT,0.0
DXLG,0.0
DXCM,0.0
DXPE,0.0
DXST,0.0
DYAI,0.0
EBAY,0.0
EA,0.0
DYN,0.0
EBC,0.0
EBMT,0.0
EBON,0.0
ECDA,0.0
EBTC,0.0
ECBK,0.0
EDAP,0.0
EDBL,0.0
EDTK,0.0
EDRY,0.0
EDIT,0.0
EDSA,0.0
EDUC,0.0
EFOI,0.0
EFSC,0.0
EEIQ,0.0
EEFT,0.0
EFSI,0.0
EGBN,0.0
EGHT,0.0
EGAN,0.0
EH,0.0
EHGO,0.0
EHLD,0.0
EJH,0.0
EHTH,0.0
EKSO,0.0
ELAB,0.0
ELBM,0.0
ELDN,0.0
ELEV,0.0
ELSE,0.0
ELUT,0.0
ELTK,0.0
ELVA,0.0
ELWS,0.0
ELVN,0.0
EM,0.0
ENGN,0.0
EMBC,0.0
ENLT,0.0
ENLV,0.0
EML,0.0
ENSC,0.0
ENPH,0.0
ENSG,0.0
ENTA,0.0
ENTO,0.0
ENTG,0.0
EOLS,0.0
ENVB,0.0
EOSE,0.0
EPSN,0.0
EPSM,0.0
EPWK,0.0
EQ,0.0
ERAS,0.0
ERIE,0.0
ERIC,0.0
ERII,0.0
ESCA,0.0
ERNA,0.0
ESGL,0.0
ESEA,0.0
ESLA,0.0
ESLT,0.0
ESOA,0.0
ESQ,0.0
ESTA,0.0
ESSA,0.0
ETNB,0.0
ETON,0.0
ETSY,0.0
EVCM,0.0
EUDA,0.0
EVGN,0.0
EVGO,0.0
EVO,0.0
EVLV,0.0
EVOK,0.0
EVRG,0.0
EVTV,0.0
EWBC,0.0
EWCZ,0.0
EXAS,0.0
EXE,0.0
EXC,0.0
EXEL,0.0
EXFY,0.0
EXLS,0.0
EXOZ,0.0
EXPE,0.0
EXPI,0.0
EXPO,0.0
EYE,0.0
EYEN,0.0
EYPT,0.0
EZGO,0.0
FA,0.0
FAAS,0.0
FAMI,0.0
FANG,0.0
FAST,0.0
FARO,0.0
FARM,0.0
FAT,0.0
FATE,0.0
FBGL,0.0
FBIO,0.0
FBIZ,0.0
FBLA,0.0
FBLG,0.0
FBNC,0.0
FCBC,0.0
FBYD,0.0
FCCO,0.0
FCEL,0.0
FCFS,0.0
FCUV,0.0
FDMT,0.0
FDSB,0.0
FDBC,0.0
FDUS,0.0
FEAM,0.0
FELE,0.0
FEBO,0.0
FEIM,0.0
FEMY,0.0
FENC,0.0
FFAI,0.0
FFBC,0.0
FFIC,0.0
FFIN,0.0
FFIV,0.0
FGBI,0.0
FGL,0.0
FGEN,0.0
FGI,0.0
FGMC,0.0
FHB,0.0
FIP,0.0
FIBK,0.0
FISI,0.0
FIVE,0.0
FITB,0.0
FIVN,0.0
FIZZ,0.0
FKWL,0.0
FLD,0.0
FLGC,0.0
FLIC,0.0
FLL,0.0
FLGT,0.0
FLNC,0.0
FLNT,0.0
FLXS,0.0
FLWS,0.0
FLYE,0.0
FMAO,0.0
FMBH,0.0
FMST,0.0
FMTO,0.0
FMNB,0.0
FNKO,0.0
FOLD,0.0
FNLC,0.0
FNWB,0.0
FNWD,0.0
FORA,0.0
FORM,0.0
FOXA,0.0
FOSL,0.0
FORD,0.0
FOXF,0.0
FPAY,0.0
FRGT,0.0
FRAF,0.0
FRHC,0.0
FRBA,0.0
FRME,0.0
FROG,0.0
FRPH,0.0
FRPT,0.0
FRSH,0.0
FSEA,0.0
FSBC,0.0
FRST,0.0
FSFG,0.0
FSV,0.0
FTAI,0.0
FTCI,0.0
FTEL,0.0
FTFT,0.0
FTEK,0.0
FTLF,0.0
FTHM,0.0
FTNT,0.0
FTRE,0.0
FULC,0.0
FUNC,0.0
FULT,0.0
FUSB,0.0
FVCB,0.0
FWRD,0.0
FWRG,0.0
FXNC,0.0
GABC,0.0
GAIA,0.0
GAIN,0.0
GAME,0.0
GAMB,0.0
GALT,0.0
GAN,0.0
GASS,0.0
GAUZ,0.0
GBIO,0.0
GCBC,0.0
GDC,0.0
GCT,0.0
GCTK,0.0
GCMG,0.0
GDEN,0.0
GDS,0.0
GDHG,0.0
GDEV,0.0
GDYN,0.0
GEG,0.0
GDTC,0.0
GEHC,0.0
GCL,0.0
GEN,0.0
GELS,0.0
GENK,0.0
GERN,0.0
GEVO,0.0
GFAI,0.0
GFS,0.0
GH,0.0
GGAL,0.0
GIFT,0.0
GHRS,0.0
GIFI,0.0
GIII,0.0
GIGM,0.0
GILD,0.0
GITS,0.0
GLBE,0.0
GLBS,0.0
GLBZ,0.0
GILT,0.0
GLDD,0.0
GLE,0.0
GLNG,0.0
GLMD,0.0
GLPI,0.0
GLPG,0.0
GLRE,0.0
GLSI,0.0
GLTO,0.0
GLYC,0.0
GLXG,0.0
GLUE,0.0
GMAB,0.0
GMGI,0.0
GMM,0.0
GMHS,0.0
GNFT,0.0
GNLN,0.0
GNTA,0.0
GNSS,0.0
GOCO,0.0
GO,0.0
GOGL,0.0
GOGO,0.0
GOOD,0.0
GORV,0.0
GOSS,0.0
GP,0.0
GPRE,0.0
GPRO,0.0
GRCE,0.0
GRAB,0.0
GRAL,0.0
GRFS,0.0
GREE,0.0
GRPN,0.0
GRI,0.0
GRVY,0.0
GRYP,0.0
GRWG,0.0
GSAT,0.0
GSBC,0.0
GSHD,0.0
GSIT,0.0
GSM,0.0
GSUN,0.0
GT,0.0
GTLB,0.0
GTIM,0.0
GTI,0.0
GTBP,0.0
GTEC,0.0
GURE,0.0
GV,0.0
GVH,0.0
GUTS,0.0
GWAV,0.0
GWRS,0.0
GYRO,0.0
GXAI,0.0
GYRE,0.0
HAFC,0.0
HAIN,0.0
HALO,0.0
HAS,0.0
HAO,0.0
HBAN,0.0
HBCP,0.0
HBNC,0.0
HBIO,0.0
HBT,0.0
HCAI,0.0
HCAT,0.0
HCM,0.0
HCKT,0.0
HCTI,0.0
HCSG,0.0
HCWB,0.0
HDL,0.0
HEES,0.0
HDSN,0.0
HELE,0.0
HEPA,0.0
HFFG,0.0
HEPS,0.0
HFBL,0.0
HFWA,0.0
HGBL,0.0
HHS,0.0
HIFS,0.0
HIT,0.0
HIHO,0.0
HKIT,0.0
HITI,0.0
HIVE,0.0
HKPD,0.0
HLIT,0.0
HLP,0.0
HLMN,0.0
HNNA,0.0
HMST,0.0
HLNE,0.0
HNST,0.0
HNRG,0.0
HOFT,0.0
HOLO,0.0
HOFV,0.0
HON,0.0
HONE,0.0
HOOK,0.0
HOOD,0.0
HOPE,0.0
HOTH,0.0
HOWL,0.0
HPK,0.0
HPH,0.0
HQI,0.0
HQY,0.0
HSAI,0.0
HSCS,0.0
HRMY,0.0
HSDT,0.0
HSIC,0.0
HSII,0.0
HSON,0.0
HST,0.0
HSTM,0.0
HTBK,0.0
HTCO,0.0
HTHT,0.0
HTLM,0.0
HTLD,0.0
HTOO,0.0
HTZ,0.0
HUBC,0.0
HUBG,0.0
HUDI,0.0
HUIZ,0.0
HUMA,0.0
HURA,0.0
HURC,0.0
HURN,0.0
HWBK,0.0
HUT,0.0
HWC,0.0
HWKN,0.0
HWH,0.0
HYMC,0.0
IAC,0.0
IART,0.0
IAS,0.0
HYFM,0.0
IBCP,0.0
IBG,0.0
IBIO,0.0
IBOC,0.0
ICAD,0.0
ICCC,0.0
ICCM,0.0
ICCT,0.0
ICFI,0.0
ICG,0.0
ICMB,0.0
ICON,0.0
ICUI,0.0
IDCC,0.0
IDAI,0.0
IDN,0.0
IDYA,0.0
IESC,0.0
IFBD,0.0
IEP,0.0
IGMS,0.0
IHRT,0.0
III,0.0
IIIV,0.0
IGIC,0.0
IINN,0.0
IKNA,0.0
ILAG,0.0
IKT,0.0
ILMN,0.0
IMAB,0.0
IMCC,0.0
IMG,0.0
IMMP,0.0
IMNM,0.0
IMNN,0.0
IMOS,0.0
IMPP,0.0
IMTE,0.0
IMRN,0.0
IMVT,0.0
INAB,0.0
IMXI,0.0
INBK,0.0
INBS,0.0
INCY,0.0
INDB,0.0
INDI,0.0
INDP,0.0
INDV,0.0
INGN,0.0
INKT,0.0
INHD,0.0
INM,0.0
INLF,0.0
INMB,0.0
INMD,0.0
INNV,0.0
INO,0.0
INOD,0.0
INSG,0.0
INSE,0.0
INTC,0.0
INSM,0.0
INTA,0.0
INTG,0.0
INTS,0.0
INTJ,0.0
INV,0.0
INTZ,0.0
INVA,0.0
INVZ,0.0
INVE,0.0
IOBT,0.0
INZY,0.0
IONS,0.0
IOSP,0.0
IPA,0.0
IOVA,0.0
IPDN,0.0
IPGP,0.0
IPHA,0.0
IQ,0.0
IPSC,0.0
IPM,0.0
IRBT,0.0
IRD,0.0
IREN,0.0
IRDM,0.0
IRMD,0.0
IROH,0.0
IRON,0.0
IROQ,0.0
IRTC,0.0
IRWD,0.0
ISPC,0.0
ISPO,0.0
ISRG,0.0
ISRL,0.0
ISSC,0.0
ITCI,0.0
ITIC,0.0
ITOS,0.0
ITRM,0.0
ITRN,0.0
ITRI,0.0
IVA,0.0
IVAC,0.0
IVVD,0.0
IVDA,0.0
IXHL,0.0
IZEA,0.0
JACK,0.0
IZM,0.0
JAKK,0.0
JAMF,0.0
JAZZ,0.0
JBDI,0.0
JBSS,0.0
JBHT,0.0
JCSE,0.0
JCTC,0.0
JDZG,0.0
JFB,0.0
JD,0.0
JFIN,0.0
JG,0.0
JL,0.0
JJSF,0.0
JKHY,0.0
JMSB,0.0
JOUT,0.0
JRSH,0.0
JOYY,0.0
JSM,0.0
JTAI,0.0
JUNS,0.0
JWEL,0.0
JVA,0.0
JUNE,0.0
JXG,0.0
JYD,0.0
JZ,0.0
JYNT,0.0
JZXN,0.0
KALA,0.0
KAVL,0.0
KARO,0.0
KALV,0.0
KC,0.0
KDLY,0.0
KE,0.0
KGEI,0.0
KDP,0.0
KFFB,0.0
KHC,0.0
KINS,0.0
KITT,0.0
KIRK,0.0
KIDS,0.0
KLAC,0.0
KLRS,0.0
KLTO,0.0
KLIC,0.0
KLXE,0.0
KMDA,0.0
KMTS,0.0
KNSA,0.0
KNDI,0.0
KOD,0.0
KOPN,0.0
KPTI,0.0
KOSS,0.0
KPLT,0.0
KRMD,0.0
KRNT,0.0
KRNY,0.0
KROS,0.0
KRON,0.0
KRRO,0.0
KRT,0.0
KRUS,0.0
KRYS,0.0
KSCP,0.0
KTCC,0.0
KSPI,0.0
KTOS,0.0
KTTA,0.0
KURA,0.0
KVHI,0.0
KWE,0.0
KZIA,0.0
KXIN,0.0
LAB,0.0
LAES,0.0
LAKE,0.0
LANC,0.0
LAND,0.0
LARK,0.0
LASE,0.0
LBGJ,0.0
LCNB,0.0
LCUT,0.0
LCFY,0.0
LCID,0.0
LDTC,0.0
LECO,0.0
LEDS,0.0
LE,0.0
LDWY,0.0
LEE,0.0
LENZ,0.0
LEGN,0.0
LEGH,0.0
LESL,0.0
LFMD,0.0
LFST,0.0
LFWD,0.0
LGCB,0.0
LFUS,0.0
LFVN,0.0
LGHL,0.0
LGCL,0.0
LGIH,0.0
LGND,0.0
LGMK,0.0
LGO,0.0
LGTY,0.0
LI,0.0
LGVN,0.0
LICN,0.0
LIF,0.0
LIEN,0.0
LIN,0.0
LILA,0.0
LINC,0.0
LINE,0.0
LIND,0.0
LINK,0.0
LION,0.0
LIPO,0.0
LITE,0.0
LIQT,0.0
LITM,0.0
LIVN,0.0
LIVE,0.0
LIXT,0.0
LKFN,0.0
LKQ,0.0
LMAT,0.0
LMB,0.0
LNKB,0.0
LNKS,0.0
LNT,0.0
LNTH,0.0
LNZA,0.0
LOBO,0.0
LOCO,0.0
LOGI,0.0
LOOP,0.0
LOPE,0.0
LOT,0.0
LOGC,0.0
LOVE,0.0
LPCN,0.0
LPRO,0.0
LPTH,0.0
LPSN,0.0
LQDA,0.0
LRE,0.0
LRHC,0.0
LSAK,0.0
LSB,0.0
LQDT,0.0
LSBK,0.0
LSCC,0.0
LSE,0.0
LSEA,0.0
LSTA,0.0
LSH,0.0
LTRN,0.0
LTRY,0.0
LUCD,0.0
LUCY,0.0
LUNG,0.0
LVO,0.0
LWLG,0.0
LVRO,0.0
LXEH,0.0
LWAY,0.0
LXEO,0.0
LYEL,0.0
LYFT,0.0
LYTS,0.0
LYRA,0.0
LZ,0.0
MAMA,0.0
LZMH,0.0
MAMO,0.0
MANH,0.0
MAPS,0.0
MARA,0.0
MASS,0.0
MASI,0.0
MASK,0.0
MAT,0.0
MAXN,0.0
MAZE,0.0
MBAV,0.0
MAYS,0.0
MBCN,0.0
MBIN,0.0
MBIO,0.0
MBLY,0.0
MBOT,0.0
MBWM,0.0
MCBS,0.0
MCHP,0.0
MCFT,0.0
MCRB,0.0
MCVT,0.0
MCRI,0.0
MDB,0.0
MDAI,0.0
MDGL,0.0
MDIA,0.0
MDLZ,0.0
MDWD,0.0
MDXG,0.0
MEDP,0.0
MEGL,0.0
MEIP,0.0
MELI,0.0
MDXH,0.0
MERC,0.0
MEOH,0.0
MESA,0.0
MESO,0.0
META,0.0
METC,0.0
MFH,0.0
MFI,0.0
MFIC,0.0
MFIN,0.0
MGEE,0.0
MGIC,0.0
MGIH,0.0
MGNI,0.0
MGRM,0.0
MGPI,0.0
MGRC,0.0
MHLD,0.0
MHUA,0.0
MIGI,0.0
MIDD,0.0
MIMI,0.0
MIND,0.0
MIRA,0.0
MIRM,0.0
MITK,0.0
MIST,0.0
MKSI,0.0
MLAB,0.0
MLGO,0.0
MLEC,0.0
MLCO,0.0
MLKN,0.0
MLYS,0.0
MMYT,0.0
MMSI,0.0
MNDO,0.0
MNKD,0.0
MNDY,0.0
MNMD,0.0
MNOV,0.0
MNRO,0.0
MNSB,0.0
MNST,0.0
MNTK,0.0
MNTS,0.0
MNY,0.0
MOB,0.0
MODD,0.0
MOFG,0.0
MODV,0.0
MOMO,0.0
MORN,0.0
MPAA,0.0
MOGO,0.0
MOVE,0.0
MPB,0.0
MQ,0.0
MRAM,0.0
MRBK,0.0
MRCY,0.0
MREO,0.0
MRIN,0.0
MRNA,0.0
MRM,0.0
MRNO,0.0
MRTN,0.0
MRVI,0.0
MRUS,0.0
MRSN,0.0
MRVL,0.0
MSAI,0.0
MSBI,0.0
MSGM,0.0
MSFT,0.0
MSS,0.0
MTEK,0.0
MTC,0.0
MTCH,0.0
MTEN,0.0
MTLS,0.0
MULN,0.0
MTSI,0.0
MTVA,0.0
MVBF,0.0
MURA,0.0
MVST,0.0
MXL,0.0
MXCT,0.0
MVIS,0.0
MWYN,0.0
MYNZ,0.0
MYGN,0.0
MYPS,0.0
MYRG,0.0
MYSZ,0.0
NAII,0.0
NAMI,0.0
,0.0
NAGE,0.0
NAAS,0.0
NATH,0.0
NAOV,0.0
NAUT,0.0
NAMS,0.0
NAVI,0.0
NB,0.0
NBIS,0.0
NBBK,0.0
NAYA,0.0
NBN,0.0
NCMI,0.0
NCI,0.0
NCNA,0.0
NCNO,0.0
NBTB,0.0
NCTY,0.0
NCRA,0.0
NCSM,0.0
NDAQ,0.0
NCT,0.0
NDSN,0.0
NDRA,0.0
NDLS,0.0
NECB,0.0
NEGG,0.0
NEHC,0.0
NEO,0.0
NEOG,0.0
NEON,0.0
NEOV,0.0
NEPH,0.0
NERV,0.0
NETD,0.0
NEUP,0.0
NEWT,0.0
NEXN,0.0
NEXT,0.0
NFBK,0.0
NFE,0.0
NGNE,0.0
NHTC,0.0
NIPG,0.0
NICE,0.0
NISN,0.0
NIVF,0.0
NITO,0.0
NKSH,0.0
NLSP,0.0
NMIH,0.0
NMRA,0.0
NMRK,0.0
NMTC,0.0
NNDM,0.0
NN,0.0
NNE,0.0
NNNN,0.0
NOTV,0.0
NODK,0.0
NOEM,0.0
NOVT,0.0
NPCE,0.0
NRC,0.0
NRDS,0.0
NRIM,0.0
NRSN,0.0
NRXP,0.0
NSIT,0.0
NSSC,0.0
NSTS,0.0
NSYS,0.0
NTAP,0.0
NTCL,0.0
NTCT,0.0
NTES,0.0
NTHI,0.0
NTIC,0.0
NTLA,0.0
NTRA,0.0
NTRB,0.0
NTRP,0.0
NTWK,0.0
NURO,0.0
NUKK,0.0
NUVL,0.0
NUWE,0.0
NVCT,0.0
NVDA,0.0
NVA,0.0
NVEC,0.0
NVEE,0.0
NVFY,0.0
NVNI,0.0
NVMI,0.0
NVNO,0.0
NVTS,0.0
NWE,0.0
NWBI,0.0
NVVE,0.0
NWFL,0.0
NWGL,0.0
NWL,0.0
NWS,0.0
NWSA,0.0
NWTG,0.0
NWTN,0.0
NXGL,0.0
NXPI,0.0
NXPL,0.0
NXL,0.0
NXST,0.0
NXT,0.0
NXTC,0.0
NYXH,0.0
NXXT,0.0
NXTT,0.0
OABI,0.0
OB,0.0
OBLG,0.0
OBT,0.0
OBIO,0.0
OCEA,0.0
OCC,0.0
OCG,0.0
OCFC,0.0
OCCI,0.0
OCS,0.0
OCGN,0.0
OCTO,0.0
OCSL,0.0
OCUL,0.0
ODFL,0.0
ODP,0.0
ODYS,0.0
ODD,0.0
OGI,0.0
OLED,0.0
OKYO,0.0
OKTA,0.0
OLB,0.0
OLLI,0.0
OM,0.0
OLMA,0.0
OMAB,0.0
OMCL,0.0
OMH,0.0
ONB,0.0
ON,0.0
ONC,0.0
ONCY,0.0
ONCO,0.0
ONDS,0.0
ONEG,0.0
ONFO,0.0
ONMD,0.0
ONVO,0.0
OP,0.0
OPBK,0.0
OPAL,0.0
OPEN,0.0
OPCH,0.0
OPK,0.0
OPOF,0.0
OPRA,0.0
OPRT,0.0
OPT,0.0
OPTN,0.0
ORGN,0.0
OPXS,0.0
ORGO,0.0
ORIC,0.0
ORIS,0.0
ORKA,0.0
ORLY,0.0
ORKT,0.0
ORMP,0.0
ORRF,0.0
OS,0.0
OSBC,0.0
OSIS,0.0
OSPN,0.0
OSS,0.0
OSRH,0.0
OST,0.0
OTLK,0.0
OTLY,0.0
OTRK,0.0
OUST,0.0
OVBC,0.0
OVID,0.0
OVLY,0.0
PAA,0.0
OZK,0.0
PACB,0.0
PAGP,0.0
PAHC,0.0
PAL,0.0
PALI,0.0
PAMT,0.0
PANL,0.0
PARA,0.0
PASG,0.0
PAVM,0.0
PATK,0.0
PAVS,0.0
PAYO,0.0
PAYS,0.0
PBBK,0.0
PBFS,0.0
PBHC,0.0
PBM,0.0
PBPB,0.0
PBYI,0.0
PC,0.0
PCB,0.0
PCH,0.0
PCLA,0.0
PCSA,0.0
PCTY,0.0
PCT,0.0
PCYO,0.0
PDCO,0.0
PDFS,0.0
PDD,0.0
PDLB,0.0
PDYN,0.0
PDSB,0.0
PEBK,0.0
PECO,0.0
PEBO,0.0
PENG,0.0
PEGA,0.0
PENN,0.0
PEP,0.0
PEPG,0.0
PET,0.0
PESI,0.0
PERI,0.0
PETS,0.0
PETZ,0.0
PFBC,0.0
PEV,0.0
PFG,0.0
PFIS,0.0
PGC,0.0
PGEN,0.0
PGHL,0.0
PGNY,0.0
PGY,0.0
PHH,0.0
PHIO,0.0
PHAT,0.0
PHLT,0.0
PHUN,0.0
PHVS,0.0
PI,0.0
PITA,0.0
PINC,0.0
PKBK,0.0
PKOH,0.0
PLAB,0.0
PLAY,0.0
PLBY,0.0
PLBC,0.0
PLCE,0.0
PLL,0.0
PLTK,0.0
PLPC,0.0
PLRZ,0.0
PLSE,0.0
PLUG,0.0
PLYA,0.0
PLUS,0.0
PLUT,0.0
PLXS,0.0
PMCB,0.0
PMEC,0.0
PMVP,0.0
PMN,0.0
PMTS,0.0
PNTG,0.0
PNBK,0.0
PNRG,0.0
POAI,0.0
POCI,0.0
PN,0.0
PODD,0.0
PODC,0.0
POET,0.0
PONY,0.0
POLA,0.0
POOL,0.0
POWI,0.0
POWL,0.0
PPBI,0.0
PPBT,0.0
PPC,0.0
PPIH,0.0
PPSI,0.0
PRAA,0.0
PPTA,0.0
PRCT,0.0
PRCH,0.0
PRDO,0.0
PRE,0.0
PRME,0.0
PRLD,0.0
PRGS,0.0
PROF,0.0
PROK,0.0
PROP,0.0
PRPH,0.0
PROV,0.0
PRPL,0.0
PRPO,0.0
PRSO,0.0
PRTC,0.0
PRTA,0.0
PRTG,0.0
PRTS,0.0
PRTH,0.0
PRVA,0.0
PRZO,0.0
PSHG,0.0
PSIG,0.0
PSNL,0.0
PSMT,0.0
PSNY,0.0
PSTV,0.0
PTC,0.0
PT,0.0
PTCT,0.0
PTEN,0.0
PTHL,0.0
PTLE,0.0
PTLO,0.0
PTON,0.0
PTPI,0.0
PTVE,0.0
PULM,0.0
PUBM,0.0
PVBC,0.0
PVLA,0.0
PWM,0.0
PWOD,0.0
PXS,0.0
PYPL,0.0
PYPD,0.0
PYXS,0.0
QCOM,0.0
PZZA,0.0
QCRH,0.0
QDEL,0.0
QH,0.0
QFIN,0.0
QIPT,0.0
QLGN,0.0
QLYS,0.0
QMMM,0.0
QMCO,0.0
QNST,0.0
QNTM,0.0
QRVO,0.0
QRHC,0.0
QSG,0.0
QSI,0.0
QTTB,0.0
QUBT,0.0
RAIL,0.0
QUIK,0.0
RAIN,0.0
QURE,0.0
RANI,0.0
RAPP,0.0
RAPT,0.0
RARE,0.0
RAY,0.0
RAVE,0.0
RBB,0.0
RAYA,0.0
RBBN,0.0
RCAT,0.0
RBKB,0.0
RCEL,0.0
RCKT,0.0
RCKY,0.0
RCMT,0.0
RCT,0.0
RCON,0.0
RDCM,0.0
RDFN,0.0
RDI,0.0
RDGT,0.0
RDHL,0.0
RDIB,0.0
RDNT,0.0
RDVT,0.0
RDZN,0.0
RDUS,0.0
REAL,0.0
REBN,0.0
RECT,0.0
REE,0.0
REG,0.0
REGN,0.0
RELI,0.0
RELL,0.0
RELY,0.0
RENB,0.0
RENE,0.0
RENT,0.0
REPL,0.0
RETO,0.0
REVB,0.0
REYN,0.0
RFIL,0.0
RGC,0.0
RGCO,0.0
RGEN,0.0
RGLS,0.0
RGLD,0.0
RGP,0.0
RGS,0.0
RICK,0.0
RHLD,0.0
RGTI,0.0
RILY,0.0
RIGL,0.0
RIVN,0.0
RIME,0.0
RIOT,0.0
RKDA,0.0
RKLB,0.0
RLAY,0.0
RLMD,0.0
RLYB,0.0
RMBI,0.0
RMBL,0.0
RMCO,0.0
RMBS,0.0
RMCF,0.0
RMNI,0.0
RMSG,0.0
RNAC,0.0
RMTI,0.0
RNA,0.0
RNAZ,0.0
RNXT,0.0
ROCK,0.0
ROIV,0.0
ROOT,0.0
ROP,0.0
ROST,0.0
RPAY,0.0
RPD,0.0
RPID,0.0
RRBI,0.0
RRGB,0.0
RSLS,0.0
RSSS,0.0
RTC,0.0
RVMD,0.0
RVPH,0.0
RUN,0.0
RVSB,0.0
RUM,0.0
RYTM,0.0
RVYL,0.0
RVSN,0.0
RXST,0.0
RZLT,0.0
SAFT,0.0
RZLV,0.0
SABS,0.0
SAG,0.0
SAGE,0.0
SAIC,0.0
SAGT,0.0
SAIH,0.0
SAIA,0.0
SAMG,0.0
SANA,0.0
SANG,0.0
SANM,0.0
SATS,0.0
SATL,0.0
SAVA,0.0
SBAC,0.0
SBCF,0.0
SBC,0.0
SBET,0.0
SBFG,0.0
SBFM,0.0
SBGI,0.0
SBT,0.0
SBLK,0.0
SCKT,0.0
SCNI,0.0
SCPH,0.0
SCSC,0.0
SCHL,0.0
SCWO,0.0
SCVL,0.0
SDA,0.0
SDST,0.0
SDOT,0.0
SEAT,0.0
SEDG,0.0
SEED,0.0
SEIC,0.0
SELF,0.0
SERA,0.0
SERV,0.0
SEZL,0.0
SFBC,0.0
SEPN,0.0
SFD,0.0
SFHG,0.0
SFM,0.0
SFNC,0.0
SFST,0.0
SGC,0.0
SGA,0.0
SFWL,0.0
SGD,0.0
SGHT,0.0
SGLY,0.0
SGMA,0.0
SGML,0.0
SGMO,0.0
SGMT,0.0
SGRP,0.0
SHBI,0.0
SHEN,0.0
SHC,0.0
SHFS,0.0
SHIM,0.0
SHLS,0.0
SHIP,0.0
SHLT,0.0
SHMD,0.0
SHOO,0.0
SHOP,0.0
SHOT,0.0
SHPH,0.0
SHYF,0.0
SIBN,0.0
SIFY,0.0
SIEB,0.0
SIGA,0.0
SIGI,0.0
SIMO,0.0
SILO,0.0
SINT,0.0
SION,0.0
SISI,0.0
SILC,0.0
SIRI,0.0
SITM,0.0
SKBL,0.0
SJ,0.0
SKIN,0.0
SKK,0.0
SKWD,0.0
SKYE,0.0
SKYT,0.0
SKYQ,0.0
SLAB,0.0
SLDB,0.0
SLGL,0.0
SLDP,0.0
SLM,0.0
SLE,0.0
SLN,0.0
SLNH,0.0
SLNG,0.0
SLP,0.0
SLNO,0.0
SLRC,0.0
SLS,0.0
SLRN,0.0
SLXN,0.0
SMBC,0.0
SMCI,0.0
SMMT,0.0
SMID,0.0
SMSI,0.0
SMPL,0.0
SMTC,0.0
SMTI,0.0
SMTK,0.0
SMXT,0.0
SNAL,0.0
SNCY,0.0
SNDK,0.0
SND,0.0
SNDL,0.0
SNES,0.0
SNOA,0.0
SNPS,0.0
SNRE,0.0
SNSE,0.0
SNT,0.0
SNTG,0.0
SNWV,0.0
SNTI,0.0
SNY,0.0
SOFI,0.0
SOGP,0.0
SOHO,0.0
SOND,0.0
SONM,0.0
SOPA,0.0
SONO,0.0
SONN,0.0
SOPH,0.0
SOWG,0.0
SOUN,0.0
SOTK,0.0
SPAI,0.0
SPCB,0.0
SPHL,0.0
SPFI,0.0
SPNS,0.0
SPOK,0.0
SPPL,0.0
SPRB,0.0
SPRC,0.0
SPRY,0.0
SPRO,0.0
SPSC,0.0
SPT,0.0
SPTN,0.0
SPWH,0.0
SRBK,0.0
SRAD,0.0
SRCE,0.0
SRM,0.0
SRPT,0.0
SRRK,0.0
SRTS,0.0
SSBI,0.0
SRZN,0.0
SSBK,0.0
SSKN,0.0
SSNC,0.0
SSRM,0.0
SSP,0.0
STAA,0.0
SSTI,0.0
SSYS,0.0
STAK,0.0
STAI,0.0
STEC,0.0
STEP,0.0
STBA,0.0
STFS,0.0
STHO,0.0
STI,0.0
STKH,0.0
STIM,0.0
STKL,0.0
STLD,0.0
STKS,0.0
STNE,0.0
STOK,0.0
STRA,0.0
STRL,0.0
STRM,0.0
STRO,0.0
STRT,0.0
STTK,0.0
STRS,0.0
STSS,0.0
SUGP,0.0
SUPN,0.0
SUUN,0.0
SUNE,0.0
SURG,0.0
SVA,0.0
SVCO,0.0
SVRA,0.0
SVRE,0.0
SWAG,0.0
SWBI,0.0
SWIM,0.0
SWIN,0.0
SWKS,0.0
SWKH,0.0
SWVL,0.0
SXTC,0.0
SXTP,0.0
SY,0.0
SYBT,0.0
SYM,0.0
SYNA,0.0
SYRA,0.0
SYRE,0.0
SYT,0.0
SYTA,0.0
TAIT,0.0
TACT,0.0
TAOP,0.0
TANH,0.0
TARA,0.0
TASK,0.0
TARS,0.0
TAYD,0.0
TATT,0.0
TBBK,0.0
TBCH,0.0
TBH,0.0
TBLA,0.0
TBMC,0.0
TBNK,0.0
TBPH,0.0
TC,0.0
TBRG,0.0
TCBK,0.0
TCBS,0.0
TCMD,0.0
TCOM,0.0
TCRT,0.0
TCTM,0.0
TDTH,0.0
TDUP,0.0
TEAM,0.0
TECH,0.0
TELA,0.0
TELO,0.0
TENB,0.0
TEM,0.0
TERN,0.0
TFSL,0.0
TFIN,0.0
TGL,0.0
THCH,0.0
TH,0.0
THFF,0.0
THRD,0.0
TIGO,0.0
THRM,0.0
THRY,0.0
TILE,0.0
TIVC,0.0
TIL,0.0
TIPT,0.0
TITN,0.0
TKLF,0.0
TLF,0.0
TLN,0.0
TLS,0.0
TLRY,0.0
TLSA,0.0
TMCI,0.0
TLSI,0.0
TMC,0.0
TMUS,0.0
TNDM,0.0
TNFA,0.0
TNMG,0.0
TNXP,0.0
TNON,0.0
TNYA,0.0
TOMZ,0.0
TOI,0.0
TOP,0.0
TORO,0.0
TOWN,0.0
TPCS,0.0
TOYO,0.0
TPIC,0.0
TPST,0.0
TPG,0.0
TRDA,0.0
TREE,0.0
TRI,0.0
TRMB,0.0
TRIB,0.0
TRMD,0.0
TRIP,0.0
TRML,0.0
TROO,0.0
TRNS,0.0
TRS,0.0
TRUE,0.0
TRSG,0.0
TRUG,0.0
TRVG,0.0
TRUP,0.0
TRVI,0.0
TSAT,0.0
TSCO,0.0
TSBK,0.0
TSHA,0.0
TSEM,0.0
TSLA,0.0
TSSI,0.0
TSVT,0.0
TTAN,0.0
TTD,0.0
TTEC,0.0
TTEK,0.0
TTNP,0.0
TTGT,0.0
TTMI,0.0
TTSH,0.0
TTWO,0.0
TUSK,0.0
TURB,0.0
TVGN,0.0
TWFG,0.0
TWG,0.0
TWNP,0.0
TXG,0.0
TWST,0.0
TWIN,0.0
TXMD,0.0
TXRH,0.0
TYGO,0.0
TXN,0.0
TZOO,0.0
TYRA,0.0
TZUP,0.0
UAL,0.0
UBCP,0.0
UBSI,0.0
UBFO,0.0
UBXG,0.0
UCTT,0.0
UCL,0.0
UDMY,0.0
UEIC,0.0
UFCS,0.0
UFPI,0.0
UFG,0.0
UG,0.0
UGRO,0.0
UFPT,0.0
UHG,0.0
UK,0.0
ULBI,0.0
ULH,0.0
ULCC,0.0
ULTA,0.0
ULY,0.0
UMBF,0.0
UNB,0.0
UNCY,0.0
UNIT,0.0
UNTY,0.0
UOKA,0.0
UPB,0.0
UONE,0.0
UPC,0.0
UPBD,0.0
UPLD,0.0
UPST,0.0
UPWK,0.0
UPXI,0.0
URBN,0.0
URGN,0.0
USCB,0.0
UROY,0.0
USEG,0.0
USEA,0.0
USGO,0.0
USLM,0.0
USIO,0.0
UTMD,0.0
UTSI,0.0
VABK,0.0
UVSP,0.0
UXIN,0.0
VALN,0.0
VANI,0.0
VCEL,0.0
VBNK,0.0
VCIG,0.0
VC,0.0
VCSA,0.0
VECO,0.0
VCYT,0.0
VEON,0.0
VEEE,0.0
VEEA,0.0
VERB,0.0
VERA,0.0
VERI,0.0
VERO,0.0
VERV,0.0
VGAS,0.0
VFF,0.0
VFS,0.0
VIAV,0.0
VIGL,0.0
VINC,0.0
VIOT,0.0
VIRC,0.0
VIRT,0.0
VITL,0.0
VIVK,0.0
VLCN,0.0
VLY,0.0
VMD,0.0
VNDA,0.0
VMEO,0.0
VNET,0.0
VNOM,0.0
VOD,0.0
VRA,0.0
VRCA,0.0
VRM,0.0
VRDN,0.0
VRME,0.0
VRNS,0.0
VRNA,0.0
VRRM,0.0
VRNT,0.0
VRSK,0.0
VRSN,0.0
VS,0.0
VSAT,0.0
VSEC,0.0
VSEE,0.0
VSME,0.0
VSTA,0.0
VSTE,0.0
VSTM,0.0
VTGN,0.0
VTSI,0.0
VTRS,0.0
VTVT,0.0
VUZI,0.0
VVOS,0.0
VXRT,0.0
VYNE,0.0
WABC,0.0
WAFD,0.0
WAI,0.0
WALD,0.0
WATT,0.0
WAVE,0.0
WAY,0.0
WB,0.0
WBA,0.0
WBD,0.0
WBTN,0.0
WCT,0.0
WDAY,0.0
WDC,0.0
WDFC,0.0
WEN,0.0
WERN,0.0
WEST,0.0
WETO,0.0
WETH,0.0
WFF,0.0
WEYS,0.0
WFRD,0.0
WGS,0.0
WFCF,0.0
WHWK,0.0
WILC,0.0
WINA,0.0
WIMI,0.0
WING,0.0
WINT,0.0
WKEY,0.0
WKHS,0.0
WKSP,0.0
WLDS,0.0
WLGS,0.0
WLDN,0.0
WMG,0.0
WMPN,0.0
WNEB,0.0
WOK,0.0
WOOF,0.0
WPRT,0.0
WRAP,0.0
WRD,0.0
WRLD,0.0
WSBC,0.0
WSBF,0.0
WSFS,0.0
WSC,0.0
WTO,0.0
WTBA,0.0
WULF,0.0
WVE,0.0
WVVI,0.0
WWD,0.0
XAGE,0.0
WYNN,0.0
WYHG,0.0
XBIO,0.0
XBIT,0.0
XCH,0.0
XEL,0.0
XBP,0.0
XENE,0.0
XELB,0.0
XERS,0.0
XGN,0.0
XHG,0.0
XHLD,0.0
XNET,0.0
XLO,0.0
XOMA,0.0
XOS,0.0
XP,0.0
XPON,0.0
XPEL,0.0
XRAY,0.0
XTKG,0.0
XTLB,0.0
XWEL,0.0
XXII,0.0
XYLO,0.0
YAAS,0.0
YGMZ,0.0
YHC,0.0
YHGJ,0.0
YHNA,0.0
YI,0.0
YIBO,0.0
YJ,0.0
YOSH,0.0
YMAB,0.0
YQ,0.0
YSXT,0.0
YTRA,0.0
YYGH,0.0
Z,0.0
YYAI,0.0
YXT,0.0
ZAPP,0.0
ZBAI,0.0
ZBIO,0.0
ZBAO,0.0
ZBRA,0.0
ZD,0.0
ZCMD,0.0
ZENV,0.0
ZENA,0.0
ZEO,0.0
ZEUS,0.0
ZIMV,0.0
ZI,0.0
ZG,0.0
ZION,0.0
ZKIN,0.0
ZJK,0.0
ZJYL,0.0
ZLAB,0.0
ZM,0.0
ZOOZ,0.0
ZS,0.0
ZTEK,0.0
ZUMZ,0.0
ZURA,0.0
ZNTL,0.0
ZVSA,0.0
ZVRA,0.0
ZYBT,0.0
ZYME,0.0
ZYXI,0.0
